"Table 2: Local Authority: Value Added Tax (VAT) on products, pounds million",Unnamed: 1,Unnamed: 2,Unnamed: 3,Unnamed: 4,Unnamed: 5,Unnamed: 6,Unnamed: 7,Unnamed: 8,Unnamed: 9,Unnamed: 10,Unnamed: 11,Unnamed: 12,Unnamed: 13,Unnamed: 14,Unnamed: 15,Unnamed: 16,Unnamed: 17,Unnamed: 18,Unnamed: 19,Unnamed: 20,Unnamed: 21,Unnamed: 22,Unnamed: 23,Unnamed: 24,Unnamed: 25,Unnamed: 26,Unnamed: 27
ITL1 Region,LA code,LA name,1998,1999,2000,2001,2002,2003,2004,2005,2006,2007,2008,2009,2010,2011,2012,2013,2014,2015,2016,2017,2018,2019,2020,2021,2022
North East,E06000001,Hartlepool,74,81,85,96,101,107,113,116,119,128,129,111,130,153,156,152,162,170,178,182,190,192,167,182,211
North East,E06000004,Stockton-on-Tees,147,162,173,195,207,221,233,239,246,265,266,230,271,319,325,320,342,362,379,389,406,409,355,387,450
North East,E06000002,Middlesbrough,118,128,135,150,157,166,174,178,182,195,194,166,195,230,233,228,244,258,271,279,290,296,257,283,334
North East,E06000003,Redcar and Cleveland,115,125,132,148,155,165,174,177,181,193,192,164,192,225,228,222,237,250,261,268,280,284,247,269,309
North East,E06000005,Darlington,82,88,93,104,110,118,125,129,133,145,146,126,149,176,178,174,186,196,205,211,219,222,193,213,246
North East,E06000047,County Durham,409,445,469,524,553,588,621,638,656,710,711,613,724,853,865,846,901,950,992,1020,1061,1079,938,1025,1188
North East,E06000057,Northumberland,247,271,287,321,340,363,384,394,405,438,439,377,436,501,524,581,584,594,618,668,730,743,647,712,823
North East,E08000021,Newcastle upon Tyne,220,239,250,278,294,313,331,342,352,380,380,328,383,442,466,525,531,545,570,617,681,694,606,661,780
North East,E08000022,North Tyneside,153,167,178,201,212,227,239,246,254,275,277,239,277,319,334,373,376,384,400,433,475,484,422,463,534
North East,E08000023,South Tyneside,124,135,143,160,168,177,186,190,194,208,208,178,205,235,245,272,273,278,290,313,342,347,300,328,377
North East,E08000037,Gateshead,156,170,179,200,211,226,238,245,252,273,274,237,275,318,332,370,372,381,396,424,461,464,401,434,502
North East,E08000024,Sunderland,233,253,267,297,312,331,347,354,362,388,387,331,382,437,456,508,510,521,541,581,633,641,555,608,704
North West,E06000063,Cumberland,269,292,303,317,340,371,398,408,416,434,433,378,431,465,476,494,532,555,623,671,581,597,543,632,740
North West,E06000064,Westmorland and Furness,225,246,257,270,288,313,334,341,346,360,358,313,356,382,390,404,435,454,511,553,480,494,451,524,612
North West,E08000003,Manchester,386,421,444,466,503,556,604,629,646,679,681,599,694,848,899,933,980,1021,1074,1088,1085,1117,1018,1186,1411
North West,E08000006,Salford,205,222,230,239,254,277,296,303,309,323,323,283,327,395,421,438,461,482,506,517,520,539,495,583,689
North West,E08000009,Trafford,198,215,222,231,248,271,291,297,303,317,315,276,317,383,405,421,441,454,471,476,473,483,439,507,586
North West,E08000007,Stockport,266,289,299,313,333,360,383,388,391,405,401,349,398,478,504,520,544,562,584,589,585,600,547,636,737
North West,E08000008,Tameside,199,216,224,235,251,272,290,295,298,310,308,269,308,371,391,405,423,436,454,459,459,471,429,498,577
North West,E08000001,Bolton,241,263,274,288,308,336,359,366,372,387,386,338,388,468,496,515,539,556,578,587,585,603,550,638,741
North West,E08000010,Wigan,279,305,318,332,355,387,414,423,429,447,445,389,446,536,564,582,609,626,647,653,650,668,610,710,828
North West,E08000002,Bury,167,183,190,199,213,231,246,250,253,264,261,228,260,313,331,342,358,369,383,389,387,397,360,417,483
North West,E08000004,Oldham,202,221,230,241,257,278,297,303,307,319,316,276,315,380,401,416,438,454,473,481,482,495,450,521,605
North West,E08000005,Rochdale,189,207,217,227,243,264,281,286,290,301,299,260,297,357,377,388,406,419,435,443,442,454,415,483,563
North West,E06000008,Blackburn with Darwen,140,151,157,164,177,193,207,212,216,226,227,200,237,270,265,269,283,292,292,304,328,338,308,356,413
North West,E06000009,Blackpool,145,157,163,169,180,196,210,215,217,226,224,195,230,260,254,257,269,275,274,283,305,312,282,324,376
North West,E07000121,Lancaster,134,147,152,159,170,185,199,204,207,214,212,186,221,252,247,250,262,268,267,276,299,307,280,327,383
North West,E07000128,Wyre,104,113,119,126,135,148,158,162,164,171,169,148,174,197,192,194,204,210,209,217,234,240,220,258,305
North West,E07000119,Fylde,73,80,83,87,94,102,109,112,113,118,118,103,122,139,135,137,145,149,150,156,170,175,160,188,220
North West,E07000123,Preston,132,144,149,155,166,183,197,203,208,218,217,188,224,256,250,253,265,272,271,283,306,317,290,340,402
North West,E07000124,Ribble Valley,52,58,61,64,69,76,82,84,86,90,89,78,92,105,103,104,109,113,113,118,128,131,121,142,167
North West,E07000126,South Ribble,103,113,118,124,133,145,155,158,161,168,169,148,175,200,194,196,207,213,213,220,237,242,220,256,298
North West,E07000117,Burnley,92,99,102,106,113,121,129,131,133,137,137,119,140,159,156,158,168,173,173,181,198,204,187,218,254
North West,E07000120,Hyndburn,81,89,92,97,103,112,119,121,123,128,127,111,130,147,143,145,152,157,157,162,176,180,164,189,221
North West,E07000122,Pendle,88,96,101,106,113,122,130,132,134,140,139,122,144,164,160,163,172,177,178,186,202,208,189,220,255
North West,E07000125,Rossendale,65,72,74,78,83,90,96,98,100,105,105,92,109,125,122,123,130,134,134,140,152,155,141,163,189
North West,E07000118,Chorley,99,108,114,119,128,140,151,154,157,164,165,144,171,197,194,198,210,218,219,229,249,256,233,271,315
North West,E07000127,West Lancashire,110,118,123,129,138,150,161,164,167,174,173,151,178,202,198,201,213,220,220,230,248,254,231,269,317
North West,E06000007,Warrington,195,214,222,233,249,270,288,295,301,315,315,277,309,367,376,384,417,446,520,512,500,511,463,532,616
North West,E06000049,Cheshire East,362,394,410,428,459,501,537,550,559,584,583,509,567,672,686,697,755,805,941,927,913,940,859,1008,1183
North West,E06000050,Cheshire West and Chester,330,359,375,392,419,457,489,500,507,527,523,455,506,597,610,622,675,722,844,835,826,850,775,900,1052
North West,E06000006,Halton,89,97,101,105,113,124,133,137,140,147,147,129,181,205,200,223,228,228,230,255,286,294,268,311,360
North West,E08000011,Knowsley,113,123,128,135,143,156,166,169,172,178,177,153,212,238,233,260,264,266,268,298,335,348,320,375,439
North West,E08000013,St. Helens,130,143,150,157,168,183,195,199,202,210,209,183,254,286,281,313,320,322,324,361,404,416,380,443,516
North West,E08000012,Liverpool,335,363,378,393,423,462,498,513,522,545,543,477,669,759,742,827,839,848,860,962,1081,1110,1009,1173,1387
North West,E08000014,Sefton,211,230,240,252,268,291,310,314,318,331,328,286,397,447,437,486,496,497,501,556,621,639,581,676,784
North West,E08000015,Wirral,235,257,268,280,300,327,350,357,364,379,378,331,463,521,510,568,578,579,581,644,716,734,668,775,900
Yorkshire and The Humber,E06000010,"Kingston upon Hull, City of",235,253,259,261,277,304,332,343,362,373,367,307,351,396,404,443,469,498,542,575,611,628,546,611,715
Yorkshire and The Humber,E06000011,East Riding of Yorkshire,278,306,320,328,353,390,426,441,466,483,475,400,457,517,524,572,603,634,687,723,768,792,696,786,921
Yorkshire and The Humber,E06000012,North East Lincolnshire,143,156,162,165,175,192,208,214,225,231,227,191,218,247,249,273,287,301,324,341,361,369,321,360,420
Yorkshire and The Humber,E06000013,North Lincolnshire,138,150,156,159,171,189,207,215,228,238,235,199,228,259,263,288,303,321,347,366,388,398,347,389,452
Yorkshire and The Humber,E06000014,York,173,188,196,200,214,236,259,268,283,292,287,243,310,378,363,358,370,383,447,467,493,504,438,486,571
Yorkshire and The Humber,E06000065,North Yorkshire,548,597,618,629,672,740,806,832,880,911,895,752,953,1148,1100,1074,1104,1138,1336,1394,1468,1510,1322,1491,1740
Yorkshire and The Humber,E08000016,Barnsley,181,197,204,208,222,245,267,276,292,303,298,250,293,353,361,384,436,474,478,502,517,533,468,526,611
Yorkshire and The Humber,E08000017,Doncaster,237,258,268,273,293,323,351,362,383,397,390,328,384,461,468,496,559,606,609,638,658,675,590,663,771
Yorkshire and The Humber,E08000018,Rotherham,205,223,231,236,253,279,304,313,330,341,334,280,327,393,400,424,482,522,524,549,566,582,509,572,665
Yorkshire and The Humber,E08000019,Sheffield,426,464,481,489,521,573,627,651,687,710,698,589,694,841,857,908,1022,1105,1108,1155,1188,1218,1063,1193,1404
Yorkshire and The Humber,E08000032,Bradford,432,470,487,498,534,591,647,671,711,739,729,617,748,861,911,930,946,992,1011,1078,1102,1132,989,1108,1294
Yorkshire and The Humber,E08000035,Leeds,661,720,744,756,806,885,966,1004,1056,1089,1066,895,1080,1235,1314,1344,1370,1443,1478,1582,1621,1669,1461,1641,1926
Yorkshire and The Humber,E08000033,Calderdale,177,192,200,203,217,239,260,268,284,294,289,243,293,336,356,362,368,384,390,414,421,431,374,419,486
Yorkshire and The Humber,E08000034,Kirklees,355,388,403,411,441,486,531,547,580,601,592,499,604,696,737,751,763,800,813,864,881,898,782,879,1025
Yorkshire and The Humber,E08000036,Wakefield,289,316,328,333,356,391,425,435,460,474,465,390,470,537,568,580,590,619,634,680,700,722,634,717,838
East Midlands,E06000015,Derby,217,237,248,263,280,305,326,334,352,355,356,308,351,407,446,442,464,492,527,540,573,591,529,601,700
East Midlands,E07000033,Bolsover,66,72,76,82,88,96,102,104,110,111,110,95,108,124,135,134,140,148,158,162,171,178,161,185,217
East Midlands,E07000034,Chesterfield,93,101,106,112,120,131,140,143,150,151,151,130,147,170,184,181,190,200,212,216,227,234,209,239,277
East Midlands,E07000038,North East Derbyshire,91,99,104,110,117,127,136,138,145,145,145,124,140,162,176,173,180,190,202,207,218,226,204,235,276
East Midlands,E07000032,Amber Valley,107,118,125,133,142,155,165,168,178,178,178,154,174,200,217,214,224,235,250,257,272,283,254,291,337
East Midlands,E07000035,Derbyshire Dales,65,71,75,79,84,91,97,98,103,103,104,89,101,116,126,124,129,136,144,147,155,160,143,165,191
East Midlands,E07000036,Erewash,102,111,117,125,133,144,153,156,163,163,163,141,159,183,199,197,207,218,232,236,249,256,229,260,301
East Midlands,E07000037,High Peak,83,90,96,102,108,117,124,127,133,134,134,115,129,149,161,158,165,174,184,188,198,205,183,210,242
East Midlands,E07000039,South Derbyshire,75,82,87,93,101,112,120,124,132,134,135,118,134,155,169,168,177,187,200,207,221,232,212,249,295
East Midlands,E06000018,Nottingham,261,280,291,306,328,361,389,403,424,426,428,372,426,497,544,538,564,599,644,663,703,726,651,737,873
East Midlands,E07000170,Ashfield,102,112,118,127,136,148,159,163,171,172,172,149,169,195,212,211,222,235,251,260,275,284,256,291,338
East Midlands,E07000171,Bassetlaw,99,109,115,123,131,143,153,156,164,165,165,142,161,185,200,198,207,219,233,240,254,262,236,272,319
East Midlands,E07000174,Mansfield,93,102,106,112,119,130,139,142,150,151,152,131,148,171,186,184,194,206,221,227,240,248,222,255,295
East Midlands,E07000175,Newark and Sherwood,98,108,113,121,129,142,153,156,165,166,167,144,163,188,205,203,214,226,242,249,264,273,246,284,332
East Midlands,E07000172,Broxtowe,102,111,116,122,130,141,150,153,160,160,160,138,155,179,195,192,201,211,224,229,242,250,225,255,298
East Midlands,E07000173,Gedling,105,115,120,127,135,146,155,158,165,165,165,142,161,186,202,200,211,222,236,241,256,263,236,270,313
East Midlands,E07000176,Rushcliffe,98,107,112,120,129,140,149,152,160,161,161,139,158,182,197,196,205,216,230,236,252,262,238,275,323
East Midlands,E06000016,Leicester,247,264,274,288,308,337,363,377,399,402,405,352,456,531,503,560,597,618,660,705,702,724,647,731,860
East Midlands,E06000017,Rutland,28,31,33,35,38,42,44,45,47,48,48,41,53,61,56,63,67,68,72,78,77,79,71,82,95
East Midlands,E07000129,Blaby,74,82,86,92,98,107,113,115,120,120,120,103,132,152,143,157,167,171,181,194,193,199,180,206,240
East Midlands,E07000130,Charnwood,129,141,148,156,166,179,191,195,204,205,206,178,231,267,252,279,297,305,323,345,343,355,320,365,426
East Midlands,E07000131,Harborough,63,68,73,78,84,92,99,101,106,107,107,93,119,138,130,144,153,158,168,179,177,183,167,196,231
East Midlands,E07000132,Hinckley and Bosworth,84,92,96,102,108,118,126,128,134,134,134,115,147,170,160,176,187,192,203,217,215,221,198,227,263
East Midlands,E07000133,Melton,39,43,46,49,52,57,60,61,63,63,63,54,70,81,77,84,89,90,95,100,98,101,91,103,121
East Midlands,E07000134,North West Leicestershire,71,78,82,87,94,102,110,112,118,118,118,102,131,151,141,156,166,170,181,193,193,201,181,209,248
East Midlands,E07000135,Oadby and Wigston,46,51,54,57,60,66,70,70,73,73,72,61,77,90,84,93,99,99,104,112,110,113,102,115,134
East Midlands,E06000062,West Northamptonshire,290,316,331,352,377,410,436,447,471,473,473,408,524,606,574,637,680,703,750,802,798,827,742,851,988
East Midlands,E06000061,North Northamptonshire,235,257,272,290,310,340,363,371,392,395,397,343,441,513,485,538,575,592,632,677,673,695,626,718,837
East Midlands,E07000136,Boston,45,48,50,53,57,62,66,68,72,73,74,64,89,101,100,112,126,130,130,139,160,165,147,169,196
East Midlands,E07000137,East Lindsey,101,111,117,124,132,144,154,157,164,164,163,139,189,214,209,229,257,265,262,279,321,333,297,341,399
East Midlands,E07000138,Lincoln,68,74,77,81,86,93,100,103,108,107,107,92,127,146,146,164,184,191,191,204,235,243,217,244,283
East Midlands,E07000139,North Kesteven,71,79,83,90,97,107,114,117,123,124,125,108,148,170,167,184,207,215,214,228,262,271,246,283,331
East Midlands,E07000140,South Holland,60,65,68,73,78,86,92,95,100,101,102,88,121,139,136,150,168,175,174,185,212,219,197,228,268
East Midlands,E07000141,South Kesteven,100,108,112,119,126,136,145,148,155,155,155,134,183,210,207,229,259,267,266,282,323,333,300,343,399
East Midlands,E07000142,West Lindsey,63,68,71,76,81,89,95,98,103,104,105,90,123,140,138,152,171,177,176,185,213,220,198,228,268
West Midlands,E06000019,"Herefordshire, County of",164,180,187,192,202,221,232,238,247,265,272,239,284,322,328,352,366,370,399,429,426,448,408,476,551
West Midlands,E07000234,Bromsgrove,83,91,94,97,103,113,120,123,127,136,139,122,145,164,168,180,188,190,206,222,222,236,217,253,292
West Midlands,E07000235,Malvern Hills,70,75,78,79,84,92,97,99,102,109,111,97,116,131,134,144,150,151,164,176,177,187,172,203,237
West Midlands,E07000236,Redditch,75,82,85,87,91,100,105,108,113,120,124,109,130,148,151,162,168,171,185,199,197,207,190,221,255
West Midlands,E07000237,Worcester,89,97,100,103,108,118,124,127,132,141,144,127,152,173,178,193,202,205,224,242,241,253,229,263,304
West Midlands,E07000238,Wychavon,105,116,121,124,131,143,151,155,160,171,174,152,182,205,210,227,237,243,265,289,291,310,286,338,393
West Midlands,E07000239,Wyre Forest,93,101,105,107,112,122,128,132,136,144,147,128,152,172,175,188,196,199,216,232,232,244,222,259,299
West Midlands,E07000218,North Warwickshire,59,65,67,68,71,78,82,83,86,91,93,81,97,109,111,118,123,125,135,146,147,155,141,166,193
West Midlands,E07000219,Nuneaton and Bedworth,114,124,128,131,138,151,159,163,169,181,185,163,194,220,225,243,252,256,279,301,301,319,294,341,396
West Midlands,E07000220,Rugby,82,90,93,96,102,112,119,123,129,140,144,128,154,176,181,196,206,212,231,250,250,267,247,292,340
West Midlands,E07000221,Stratford-on-Avon,106,115,119,123,129,142,150,155,162,174,179,157,187,212,216,232,241,245,265,289,292,312,290,345,405
West Midlands,E07000222,Warwick,118,128,134,139,148,164,175,181,188,201,206,181,215,242,248,266,277,281,306,329,333,351,322,378,442
West Midlands,E06000020,Telford and Wrekin,148,162,170,176,187,204,215,222,230,245,251,220,267,306,311,344,352,355,361,366,367,391,361,425,497
West Midlands,E06000051,Shropshire,268,294,306,315,333,366,387,400,417,447,459,403,491,563,571,628,639,637,644,650,647,687,632,743,861
West Midlands,E06000021,Stoke-on-Trent,237,257,263,268,281,306,323,331,344,366,375,328,399,456,464,512,523,521,527,532,529,557,509,590,684
West Midlands,E07000192,Cannock Chase,88,96,100,103,109,120,126,130,134,143,147,129,156,179,181,199,202,200,200,201,201,213,196,230,266
West Midlands,E07000193,East Staffordshire,99,107,112,116,122,135,143,148,153,165,170,150,182,209,213,236,241,241,245,247,247,262,242,285,331
West Midlands,E07000194,Lichfield,90,98,101,104,110,121,128,132,138,148,152,134,162,185,188,207,210,210,211,212,211,224,207,244,285
West Midlands,E07000195,Newcastle-under-Lyme,118,128,133,136,143,157,165,169,174,186,188,164,199,227,228,252,256,254,258,258,257,269,245,281,330
West Midlands,E07000196,South Staffordshire,101,111,115,118,124,136,143,146,151,161,164,144,174,199,201,224,227,225,226,227,225,237,217,253,294
West Midlands,E07000197,Stafford,118,128,132,134,142,156,165,171,178,191,196,172,210,240,243,268,271,269,273,274,274,291,267,314,365
West Midlands,E07000198,Staffordshire Moorlands,90,98,102,105,111,121,127,131,136,145,148,129,156,178,180,198,201,199,199,200,197,207,189,220,252
West Midlands,E07000199,Tamworth,71,78,81,83,87,95,100,102,106,113,116,102,123,141,143,157,160,159,160,159,158,167,153,180,210
West Midlands,E08000025,Birmingham,811,883,916,941,995,1094,1158,1197,1244,1332,1364,1201,1380,1565,1633,1622,1672,1736,1798,1829,1961,2073,1899,2216,2576
West Midlands,E08000029,Solihull,164,179,185,191,201,220,232,238,247,263,269,235,268,301,313,310,320,330,339,344,368,390,358,420,484
West Midlands,E08000026,Coventry,249,272,282,289,303,330,345,352,366,390,401,352,405,462,479,478,492,516,536,545,587,619,570,667,791
West Midlands,E08000027,Dudley,249,272,283,291,307,336,354,362,375,400,408,356,406,456,472,466,478,493,505,513,549,580,533,627,723
West Midlands,E08000028,Sandwell,235,255,265,272,287,315,334,343,356,381,392,346,398,450,471,471,487,508,525,536,577,613,565,663,766
West Midlands,E08000030,Walsall,209,228,237,242,256,280,297,305,316,338,345,303,347,393,407,403,415,429,443,451,484,513,471,551,637
West Midlands,E08000031,Wolverhampton,198,215,223,227,240,263,278,285,296,316,322,281,322,364,378,374,385,399,411,418,449,475,435,512,596
East,E06000031,Peterborough,150,164,170,178,189,207,222,232,244,257,261,227,268,307,327,340,348,368,388,423,436,460,413,468,552
East,E07000008,Cambridge,105,115,119,124,131,143,152,162,168,172,172,148,177,204,216,226,232,245,257,281,293,309,278,314,373
East,E07000009,East Cambridgeshire,69,75,79,83,89,100,103,107,113,119,120,104,123,140,148,151,153,159,164,177,179,188,168,191,227
East,E07000010,Fenland,78,86,90,95,101,111,119,123,130,138,139,120,140,159,167,172,175,184,191,207,211,221,198,222,261
East,E07000011,Huntingdonshire,149,163,171,178,189,206,220,225,236,246,247,212,248,283,297,305,310,323,334,359,365,382,344,394,466
East,E07000012,South Cambridgeshire,124,134,140,148,157,173,184,190,200,211,213,185,218,249,262,268,273,285,296,319,326,344,310,353,420
East,E07000200,Babergh,78,86,90,95,100,110,116,119,125,130,129,111,129,146,153,156,158,164,169,183,187,196,177,201,239
East,E07000202,Ipswich,112,122,126,133,141,153,164,172,179,187,189,164,194,222,235,242,246,257,267,288,293,304,270,302,353
East,E07000203,Mid Suffolk,80,89,93,99,105,114,121,126,132,140,140,121,142,162,169,173,175,181,187,202,206,218,196,224,268
East,E07000244,East Suffolk,217,235,246,258,273,297,316,326,341,357,356,304,353,399,415,424,427,442,457,494,505,529,474,534,626
East,E07000245,West Suffolk,154,166,174,175,186,203,216,224,233,244,244,211,248,285,298,304,311,324,333,363,370,388,345,391,462
East,E07000144,Broadland,112,122,128,134,142,155,164,168,176,184,183,157,183,208,217,221,223,231,239,259,266,280,253,286,339
East,E07000145,Great Yarmouth,86,94,98,103,109,119,126,130,136,142,142,122,143,162,169,173,175,182,188,203,207,217,193,217,253
East,E07000148,Norwich,117,127,132,139,146,158,168,174,182,189,190,164,193,220,233,241,245,255,267,289,297,310,278,310,366
East,E07000146,King's Lynn and West Norfolk,129,140,146,153,163,178,189,195,205,215,216,186,217,246,258,265,268,279,289,312,317,331,296,335,395
East,E07000147,North Norfolk,94,102,107,111,118,128,135,138,144,150,149,127,148,169,176,179,181,187,193,209,212,221,197,223,262
East,E07000143,Breckland,112,124,131,138,146,159,168,174,182,190,191,164,191,218,228,235,239,249,259,281,287,301,271,308,364
East,E07000149,South Norfolk,103,114,119,125,134,146,155,160,167,175,176,153,181,207,218,225,229,239,249,271,280,298,270,308,366
East,E06000032,Luton,173,187,195,203,214,232,244,253,266,279,280,243,304,370,366,395,415,471,487,495,515,541,484,546,646
East,E07000095,Broxbourne,78,86,90,95,101,110,117,121,127,133,134,115,142,170,169,181,188,210,216,220,229,240,215,241,282
East,E07000096,Dacorum,128,139,144,151,159,173,184,189,197,205,205,177,219,264,261,279,290,326,336,344,358,374,334,377,444
East,E07000098,Hertsmere,87,95,99,103,109,118,125,129,135,141,142,123,152,183,180,193,201,226,232,238,247,260,232,262,308
East,E07000099,North Hertfordshire,108,117,122,128,136,149,160,165,173,181,182,156,193,232,229,244,255,285,293,300,310,323,287,324,382
East,E07000102,Three Rivers,76,84,87,91,96,105,112,115,120,125,126,108,134,160,159,169,176,199,205,209,217,227,203,228,268
East,E07000103,Watford,75,81,84,88,92,101,108,112,116,122,124,108,135,165,166,181,191,215,221,227,236,248,221,249,293
East,E07000240,St Albans,119,130,135,141,150,164,175,180,189,197,199,172,213,257,254,272,283,318,326,331,343,359,321,361,422
East,E07000241,Welwyn Hatfield,90,98,102,107,113,124,134,141,149,157,157,135,167,201,197,211,218,247,257,264,275,289,259,291,342
East,E07000242,East Hertfordshire,119,129,134,141,150,163,173,179,187,196,197,169,209,251,248,265,276,310,319,327,340,357,322,366,432
East,E07000243,Stevenage,73,79,83,87,92,101,106,110,114,119,119,102,127,153,151,162,168,189,195,200,208,217,194,217,255
East,E06000055,Bedford,133,145,154,162,172,189,201,207,216,225,225,193,239,287,285,309,324,368,383,394,414,438,394,451,534
East,E06000056,Central Bedfordshire,213,233,244,256,272,299,320,331,347,363,363,312,385,465,462,497,519,586,605,623,652,690,625,718,858
East,E06000033,Southend-on-Sea,159,171,176,182,193,210,222,229,240,251,254,220,264,302,317,331,360,383,382,384,378,395,351,394,462
East,E06000034,Thurrock,134,146,154,162,173,189,202,209,220,231,232,201,241,274,290,304,332,356,358,362,360,379,341,384,452
East,E07000067,Braintree,123,135,143,150,160,176,189,196,206,216,218,187,224,255,269,280,303,323,321,322,317,333,299,339,403
East,E07000071,Colchester,148,162,169,177,186,204,218,228,240,252,254,219,264,301,319,333,364,392,392,396,393,413,372,420,497
East,E07000076,Tendring,131,142,149,157,166,182,193,198,205,214,212,181,214,239,251,261,283,302,303,305,302,316,283,325,387
East,E07000072,Epping Forest,115,126,131,137,145,158,167,171,179,187,187,160,191,216,229,241,262,280,279,280,277,291,261,294,345
East,E07000073,Harlow,75,81,85,89,94,101,107,110,115,120,121,105,125,142,151,159,174,188,188,190,189,199,179,204,241
East,E07000077,Uttlesford,66,71,75,78,83,91,97,101,107,113,114,99,121,139,147,155,169,181,181,183,182,194,175,200,237
East,E07000068,Brentwood,67,72,75,78,82,90,96,99,104,108,109,94,113,128,135,141,154,164,163,163,160,167,150,168,198
East,E07000070,Chelmsford,150,163,170,178,190,208,223,230,240,250,250,215,257,292,307,320,347,371,371,375,370,390,350,396,468
East,E07000074,Maldon,55,60,64,67,71,78,83,85,89,93,93,80,95,107,112,117,127,134,134,135,133,140,126,145,173
East,E07000066,Basildon,157,172,179,188,199,217,230,238,249,260,261,224,267,303,320,336,366,391,391,392,388,407,364,409,482
East,E07000069,Castle Point,83,90,94,98,104,113,120,123,128,133,133,114,135,152,160,166,179,190,189,189,186,194,174,196,229
East,E07000075,Rochford,74,81,85,89,95,103,110,114,119,125,126,108,128,144,151,157,170,180,179,179,177,185,165,188,223
London,E09000001,City of London,10,13,14,14,15,15,16,16,17,18,18,16,18,20,20,21,22,24,24,24,26,29,26,31,43
London,E09000007,Camden,330,362,378,389,411,443,457,461,482,508,509,453,523,593,572,607,640,706,687,678,705,723,670,743,862
London,E09000033,Westminster,331,360,379,391,419,458,473,488,509,529,529,461,529,592,572,593,620,690,662,652,679,694,641,724,836
London,E09000013,Hammersmith and Fulham,279,306,317,325,346,372,379,379,399,423,428,383,440,492,480,511,540,598,582,582,611,627,582,645,732
London,E09000020,Kensington and Chelsea,257,281,298,312,330,359,365,368,377,391,393,344,391,427,409,430,452,499,474,464,480,489,452,508,578
London,E09000032,Wandsworth,468,503,516,522,554,601,614,619,657,699,712,637,737,830,813,869,926,1031,1014,1021,1070,1113,1040,1156,1301
London,E09000012,Hackney,225,247,259,268,287,313,321,325,341,359,363,322,409,486,499,491,529,556,572,577,621,634,587,653,742
London,E09000025,Newham,272,299,313,322,347,377,382,381,400,426,435,390,507,611,623,609,661,702,724,737,804,835,779,881,1017
London,E09000030,Tower Hamlets,218,240,252,260,282,307,317,321,338,360,365,327,421,504,521,520,567,600,624,639,700,728,683,785,924
London,E09000014,Haringey,251,272,280,286,305,331,340,345,361,379,384,340,428,503,515,509,550,580,597,598,640,653,600,663,743
London,E09000019,Islington,206,218,227,232,245,266,272,276,287,302,302,268,339,406,415,409,440,464,476,482,517,530,492,545,625
London,E09000023,Lewisham,286,311,322,329,345,371,379,383,400,418,419,368,461,545,558,550,595,627,645,655,707,730,677,753,847
London,E09000028,Southwark,280,308,322,332,349,376,387,394,415,436,436,383,481,568,582,573,613,646,662,670,725,746,694,770,885
London,E09000022,Lambeth,305,331,345,353,371,401,412,417,435,456,455,400,504,599,617,604,651,686,705,713,768,786,724,797,899
London,E09000004,Bexley,262,286,298,304,321,347,356,359,373,391,390,342,410,490,510,537,567,589,563,573,593,609,566,633,727
London,E09000011,Greenwich,257,279,292,302,324,354,366,372,391,411,413,366,442,537,567,601,636,669,643,662,691,712,662,744,853
London,E09000002,Barking and Dagenham,195,213,223,230,243,262,267,268,280,294,297,267,325,393,417,447,477,504,487,502,523,540,503,562,645
London,E09000016,Havering,271,296,306,312,329,355,363,366,382,400,399,351,419,501,522,552,585,611,587,603,626,645,601,673,776
London,E09000026,Redbridge,286,313,326,336,357,390,401,406,427,452,457,406,488,592,621,660,701,735,702,717,746,770,715,797,912
London,E09000031,Waltham Forest,269,290,301,308,327,353,362,366,386,410,417,372,451,546,574,610,642,670,639,652,676,694,641,714,809
London,E09000010,Enfield,326,358,374,385,411,445,454,460,481,507,512,453,546,660,692,732,774,807,769,781,807,828,764,847,959
London,E09000006,Bromley,413,451,467,478,509,552,565,572,598,628,632,558,661,792,739,781,824,850,919,1017,1066,1092,1012,1131,1290
London,E09000008,Croydon,471,508,529,541,575,624,641,647,677,714,724,641,767,930,868,917,968,995,1078,1191,1249,1288,1198,1339,1535
London,E09000021,Kingston upon Thames,203,223,233,241,257,278,287,291,305,321,323,286,340,409,382,403,424,438,473,521,544,560,519,576,659
London,E09000024,Merton,258,283,298,309,327,352,359,364,383,403,406,360,427,511,482,511,540,558,604,666,698,716,663,738,840
London,E09000029,Sutton,252,274,286,293,311,337,344,348,363,382,385,342,406,487,456,482,510,525,570,633,666,688,641,718,822
London,E09000003,Barnet,396,434,452,466,494,537,550,555,580,610,613,543,699,816,855,835,874,893,900,977,991,1018,947,1059,1203
London,E09000005,Brent,334,360,379,393,416,448,456,459,485,516,525,468,606,712,749,735,772,793,798,871,883,906,833,923,1055
London,E09000009,Ealing,380,418,436,448,477,514,526,530,553,580,585,518,664,774,812,795,829,849,851,922,931,958,891,998,1144
London,E09000015,Harrow,265,288,299,306,327,357,367,375,392,412,415,367,472,549,574,560,588,603,605,656,664,683,635,711,808
London,E09000017,Hillingdon,313,339,352,358,381,414,422,426,446,468,471,417,536,628,662,648,679,695,699,762,773,797,742,830,961
London,E09000018,Hounslow,273,297,308,315,334,361,373,379,400,425,430,382,495,582,613,602,633,650,655,715,730,755,702,784,898
London,E09000027,Richmond upon Thames,218,239,248,254,270,296,304,307,320,332,330,290,370,428,447,436,455,461,461,501,504,517,479,532,603
South East,E06000036,Bracknell Forest,118,129,134,141,148,157,161,161,169,178,176,153,172,203,217,223,246,264,264,271,289,299,270,298,350
South East,E06000037,West Berkshire,156,169,176,186,194,207,214,215,228,241,240,210,235,275,292,300,328,353,354,362,384,396,353,386,448
South East,E06000038,Reading,156,168,175,186,194,207,213,216,228,241,239,209,236,277,300,312,346,375,379,390,416,429,381,413,483
South East,E06000039,Slough,128,139,146,155,163,173,178,181,193,206,207,185,210,251,270,277,307,333,336,348,372,388,347,378,440
South East,E06000040,Windsor and Maidenhead,144,156,163,172,180,192,199,201,212,225,223,195,220,259,276,283,310,333,335,344,366,378,337,367,427
South East,E06000041,Wokingham,160,173,182,193,202,213,219,220,232,245,241,211,236,277,296,303,332,359,361,373,402,422,383,425,500
South East,E06000042,Milton Keynes,220,242,256,273,290,312,323,328,350,371,371,329,375,446,479,497,552,599,604,623,665,692,622,687,807
South East,E06000060,Buckinghamshire,511,557,581,616,646,689,709,714,753,793,782,684,768,905,965,992,1091,1176,1180,1214,1293,1342,1203,1324,1547
South East,E07000177,Cherwell,139,152,161,170,179,192,199,200,211,222,220,192,216,254,271,278,305,330,332,343,368,385,347,386,453
South East,E07000178,Oxford,146,160,166,174,184,201,208,214,222,232,228,200,226,268,287,297,328,351,353,362,385,395,351,382,451
South East,E07000179,South Oxfordshire,138,150,156,165,174,185,190,191,201,212,209,183,204,241,257,263,290,311,312,320,341,356,322,358,419
South East,E07000180,Vale of White Horse,122,133,140,149,156,167,171,173,182,191,188,165,184,218,231,236,260,280,283,295,317,332,300,332,392
South East,E07000181,West Oxfordshire,102,112,116,123,130,139,144,145,154,164,162,142,160,188,202,208,226,243,242,249,264,274,247,274,323
South East,E06000043,Brighton and Hove,279,302,316,335,352,374,384,390,412,435,434,383,469,552,550,594,620,603,613,651,654,674,600,651,761
South East,E07000061,Eastbourne,100,108,114,121,128,138,144,147,156,164,163,142,172,201,201,217,227,222,225,240,238,247,220,239,280
South East,E07000062,Hastings,93,103,108,115,121,130,133,135,141,148,147,129,156,182,182,196,205,200,202,214,214,220,196,214,248
South East,E07000063,Lewes,101,111,116,124,131,140,144,145,152,160,158,139,169,197,198,214,224,217,219,234,234,243,216,236,276
South East,E07000064,Rother,98,105,110,115,121,130,134,135,142,150,149,130,158,183,182,195,205,200,202,216,216,223,200,220,258
South East,E07000065,Wealden,158,170,178,188,199,213,220,222,234,246,243,211,257,302,302,328,346,338,342,364,364,379,341,378,446
South East,E07000207,Elmbridge,136,149,156,165,174,187,193,196,208,219,215,187,228,266,267,290,305,297,300,319,318,330,298,328,383
South East,E07000209,Guildford,143,157,164,174,182,193,198,199,211,222,219,193,236,278,277,299,314,308,313,334,331,342,308,339,399
South East,E07000212,Runnymede,87,94,99,105,109,116,118,119,124,132,130,114,140,163,163,177,186,182,186,198,199,209,188,207,242
South East,E07000213,Spelthorne,101,110,115,121,127,135,138,140,148,156,154,136,165,194,195,212,222,217,220,235,235,246,220,243,284
South East,E07000214,Surrey Heath,90,99,103,108,113,121,125,127,134,142,140,123,149,175,175,189,199,194,196,209,208,218,195,213,250
South East,E07000216,Waverley,130,141,147,155,163,174,179,179,189,199,197,173,211,246,245,266,278,271,274,291,291,302,272,304,356
South East,E07000217,Woking,100,109,114,121,126,134,138,140,150,159,158,139,171,201,202,220,230,225,229,243,243,251,224,245,285
South East,E07000208,Epsom and Ewell,75,82,85,90,95,101,105,107,113,120,120,105,129,152,153,167,176,172,174,186,186,194,175,191,222
South East,E07000210,Mole Valley,89,98,102,108,113,122,125,126,133,140,139,122,149,173,173,188,196,190,192,203,202,209,187,206,240
South East,E07000211,Reigate and Banstead,139,152,160,170,178,190,196,197,208,221,220,195,238,280,281,305,322,314,319,341,344,359,322,357,421
South East,E07000215,Tandridge,88,96,100,106,111,118,121,122,129,136,135,118,144,168,168,182,191,186,188,201,201,209,188,208,243
South East,E07000223,Adur,66,72,75,80,85,90,92,92,97,102,100,88,107,124,125,136,143,139,140,149,149,155,139,152,177
South East,E07000224,Arun,155,170,178,189,201,215,223,225,237,249,246,215,260,303,305,332,350,343,349,376,378,393,353,389,456
South East,E07000225,Chichester,119,129,135,143,151,161,166,168,177,186,185,162,197,230,231,251,262,258,262,283,284,296,265,293,345
South East,E07000229,Worthing,109,119,124,131,138,148,153,154,162,171,169,148,181,212,212,229,241,236,240,256,256,267,239,263,307
South East,E07000226,Crawley,111,121,127,135,140,148,152,154,163,171,170,150,184,216,219,238,250,246,250,268,271,282,254,279,327
South East,E07000227,Horsham,135,147,154,164,173,185,192,194,205,216,214,187,228,266,265,287,301,296,303,326,329,344,311,347,407
South East,E07000228,Mid Sussex,144,155,161,171,180,193,199,201,213,226,225,198,242,283,283,308,325,317,322,344,346,361,325,360,424
South East,E06000044,Portsmouth,182,196,204,215,226,242,253,257,269,281,278,246,302,360,375,401,408,441,502,538,563,582,518,561,656
South East,E06000045,Southampton,207,225,236,251,265,283,292,296,311,327,324,284,347,413,434,467,477,519,595,639,669,690,616,671,795
South East,E06000046,Isle of Wight,124,136,143,152,161,172,177,179,189,199,197,171,206,242,253,269,275,295,334,361,378,392,349,382,443
South East,E07000086,Eastleigh,107,119,126,133,140,149,153,154,164,174,172,151,185,220,230,248,254,272,308,330,348,366,332,371,437
South East,E07000087,Fareham,102,111,116,124,130,138,142,141,149,158,156,137,166,196,206,221,226,243,275,294,307,318,284,311,360
South East,E07000088,Gosport,74,80,83,88,92,99,102,103,109,116,116,101,123,145,151,162,165,178,202,215,223,230,205,223,259
South East,E07000090,Havant,113,122,127,134,141,150,153,154,162,170,169,148,179,211,220,236,240,259,294,316,331,343,307,337,393
South East,E07000085,East Hampshire,104,113,118,125,132,140,144,144,153,162,160,141,172,203,212,229,233,252,284,305,322,338,306,342,401
South East,E07000091,New Forest,162,176,184,194,205,218,224,225,238,251,247,217,263,309,322,346,352,377,426,453,474,490,436,477,553
South East,E07000093,Test Valley,104,113,119,126,132,142,146,148,156,165,163,142,173,204,214,232,238,259,297,320,337,353,319,355,418
South East,E07000094,Winchester,103,112,117,123,129,138,143,144,152,161,161,141,173,204,215,231,237,257,294,316,330,344,311,347,410
South East,E07000084,Basingstoke and Deane,144,158,165,175,184,197,203,206,218,231,230,203,248,295,312,338,346,375,427,457,480,502,453,503,591
South East,E07000089,Hart,80,87,90,96,101,109,113,114,122,129,128,112,136,160,168,181,186,201,229,246,259,270,243,272,317
South East,E07000092,Rushmoor,86,94,97,104,108,114,117,118,125,132,131,114,139,165,174,188,192,207,238,254,265,276,248,271,318
South East,E06000035,Medway,226,246,258,273,286,305,312,313,329,346,342,300,378,444,480,516,523,553,580,603,638,661,592,647,758
South East,E07000107,Dartford,78,85,89,94,99,106,110,112,118,125,125,110,139,164,177,192,196,209,221,234,253,269,244,270,319
South East,E07000109,Gravesham,87,94,99,105,109,116,119,120,127,133,132,116,145,171,184,198,201,213,223,230,244,254,226,247,287
South East,E07000113,Swale,110,120,126,135,142,152,156,157,166,176,175,154,194,228,246,265,269,286,303,318,339,354,318,352,415
South East,E07000106,Canterbury,122,133,140,148,156,168,174,176,186,196,194,169,214,252,271,292,296,313,329,342,360,371,332,362,423
South East,E07000108,Dover,96,104,108,114,120,128,133,133,140,148,146,127,160,187,199,213,215,225,237,247,263,274,245,269,315
South East,E07000112,Folkestone and Hythe,87,96,100,105,111,120,124,126,133,141,139,122,154,181,194,205,206,217,228,236,251,259,232,254,296
South East,E07000114,Thanet,116,126,131,139,146,155,160,161,168,177,175,153,192,225,243,261,265,280,293,304,322,332,296,325,377
South East,E07000105,Ashford,90,100,105,113,119,128,133,136,145,153,152,134,168,198,215,232,236,250,264,277,297,308,278,308,364
South East,E07000110,Maidstone,127,138,144,152,161,171,176,178,189,200,199,175,221,261,282,303,308,329,347,364,389,406,366,409,484
South East,E07000111,Sevenoaks,101,109,114,119,125,133,137,138,146,153,150,131,165,193,208,222,224,236,247,256,273,282,254,279,325
South East,E07000115,Tonbridge and Malling,97,106,111,118,124,133,137,139,147,156,155,137,173,203,218,234,238,252,265,278,298,311,278,306,359
South East,E07000116,Tunbridge Wells,95,103,108,114,119,127,130,131,139,147,148,130,164,193,206,219,220,230,241,250,263,272,244,267,311
South West,E06000023,"Bristol, City of",383,415,429,433,460,506,552,579,606,640,645,562,665,792,820,843,893,937,970,1050,1123,1179,1040,1155,1355
South West,E06000022,Bath and North East Somerset,163,177,185,188,200,220,238,245,254,268,270,233,274,325,334,343,362,379,391,424,456,477,423,472,553
South West,E06000024,North Somerset,183,198,206,210,224,248,269,278,292,310,312,271,319,376,387,396,420,437,449,485,515,541,476,533,620
South West,E06000025,South Gloucestershire,234,257,269,273,292,322,350,361,379,398,401,348,411,488,503,515,543,565,582,631,677,714,633,713,834
South West,E07000078,Cheltenham,106,115,120,122,130,141,153,158,166,175,176,153,181,214,220,223,236,244,251,271,288,300,262,291,338
South West,E07000079,Cotswold,79,86,89,89,95,105,114,117,123,129,129,111,130,154,158,161,170,177,181,199,214,225,198,223,258
South West,E07000080,Forest of Dean,77,84,88,89,95,104,113,116,121,127,128,110,129,152,156,159,168,175,180,194,207,216,191,214,249
South West,E07000081,Gloucester,106,116,121,122,131,144,157,163,171,182,184,160,190,226,234,240,254,266,274,297,316,331,291,325,378
South West,E07000082,Stroud,106,114,119,120,128,141,153,157,164,172,173,150,177,209,214,219,232,242,247,267,284,298,263,298,349
South West,E07000083,Tewkesbury,73,80,84,85,91,100,109,112,117,123,124,108,128,152,156,160,171,177,184,201,218,233,207,234,274
South West,E06000030,Swindon,175,190,197,200,215,239,260,271,285,306,313,274,325,388,403,415,441,460,474,516,553,582,513,573,667
South West,E06000054,Wiltshire,415,452,471,481,517,573,621,641,672,712,722,626,739,878,902,921,974,1013,1040,1127,1199,1262,1117,1258,1459
South West,E06000066,Somerset,439,481,500,509,544,602,655,678,710,750,757,656,802,871,880,981,1029,983,1004,1118,1185,1247,1103,1240,1448
South West,E06000058,"Bournemouth, Christchurch and Poole",311,338,350,354,377,414,447,463,486,516,523,457,567,621,628,701,737,703,719,799,843,883,778,866,1009
South West,E06000059,Dorset,307,334,349,354,379,419,456,471,494,521,524,453,553,599,602,669,697,664,674,749,792,833,736,825,962
South West,E06000052,Cornwall,434,473,492,499,534,589,639,662,694,734,741,643,794,912,984,1110,1074,989,1101,1043,1211,1273,1124,1259,1468
South West,E06000053,Isles of Scilly,2,2,2,2,2,2,3,3,3,3,3,3,3,4,4,5,4,4,4,4,5,5,4,5,6
South West,E06000026,Plymouth,207,223,230,231,247,272,295,307,322,341,344,299,364,427,464,482,512,539,517,559,598,623,548,606,705
South West,E06000027,Torbay,106,117,122,125,133,147,159,164,170,179,180,156,188,218,237,247,262,277,266,289,311,326,287,319,368
South West,E07000040,East Devon,104,114,119,121,129,142,155,161,169,179,181,156,190,222,241,250,267,284,276,302,326,346,307,348,408
South West,E07000041,Exeter,93,101,105,107,113,124,134,140,146,155,156,135,166,195,212,221,234,249,241,263,283,297,263,297,356
South West,E07000042,Mid Devon,57,63,66,67,72,80,88,91,96,102,104,91,111,130,141,146,154,162,155,169,182,191,170,190,221
South West,E07000043,North Devon,73,80,83,84,90,100,109,113,119,125,126,110,134,156,169,174,183,192,185,201,216,229,202,228,265
South West,E07000044,South Hams,68,75,78,79,84,92,99,102,107,113,114,99,120,139,150,156,164,173,165,179,193,203,181,204,237
South West,E07000045,Teignbridge,101,110,115,116,124,137,149,153,160,168,170,147,178,207,225,233,248,263,254,277,298,315,277,310,359
South West,E07000046,Torridge,48,52,55,57,61,68,74,77,81,86,87,75,91,106,116,120,128,135,130,142,152,159,140,157,181
South West,E07000047,West Devon,40,44,46,47,51,56,61,63,66,70,72,62,76,89,97,100,106,112,107,117,125,131,116,132,154
Wales,W06000001,Isle of Anglesey,59,65,68,71,74,82,87,89,96,100,100,86,99,115,115,124,130,133,136,146,156,162,147,164,188
Wales,W06000002,Gwynedd,103,111,116,122,129,141,149,154,165,172,171,147,172,200,200,213,223,229,234,253,269,280,252,278,320
Wales,W06000003,Conwy,95,103,108,114,121,133,141,146,157,164,164,140,163,190,190,204,215,221,227,244,260,272,245,273,311
Wales,W06000004,Denbighshire,80,87,92,97,102,112,118,122,130,136,136,116,134,155,155,167,176,181,187,201,215,225,204,228,263
Wales,W06000008,Ceredigion,63,71,75,79,83,90,95,98,105,108,107,91,107,124,125,135,140,141,144,154,162,168,152,168,195
Wales,W06000009,Pembrokeshire,98,107,112,118,125,138,147,152,164,172,173,149,173,202,202,216,227,233,239,258,276,289,262,294,338
Wales,W06000010,Carmarthenshire,151,164,172,181,191,211,223,231,249,261,261,224,260,303,303,326,343,352,365,394,422,443,400,447,515
Wales,W06000016,Rhondda Cynon Taf,205,223,232,242,254,278,295,303,326,337,336,287,333,387,387,416,438,450,464,503,538,565,508,565,650
Wales,W06000024,Merthyr Tydfil,50,54,56,59,61,67,71,73,79,82,83,71,83,97,97,104,110,113,117,126,135,141,126,140,160
Wales,W06000018,Caerphilly,147,161,169,177,187,205,217,224,241,252,252,217,253,295,294,315,332,341,351,378,403,420,377,419,479
Wales,W06000019,Blaenau Gwent,62,68,70,73,76,83,87,90,97,100,100,86,99,115,115,122,128,131,134,144,154,160,143,159,182
Wales,W06000020,Torfaen,80,87,91,95,99,109,114,117,126,131,130,112,129,150,150,161,169,174,179,193,207,218,197,220,253
Wales,W06000012,Neath Port Talbot,119,129,135,140,148,163,173,178,192,200,200,171,199,231,230,246,260,267,278,300,321,336,304,338,387
Wales,W06000013,Bridgend,113,123,128,134,142,157,166,172,186,196,196,169,197,230,230,249,263,272,282,305,326,344,310,347,398
Wales,W06000011,Swansea,197,215,224,233,246,271,287,297,320,334,335,288,337,394,394,423,446,458,472,509,544,568,510,566,657
Wales,W06000021,Monmouthshire,70,77,80,84,89,98,105,108,117,121,121,103,125,147,159,164,168,173,178,175,179,186,168,188,214
Wales,W06000022,Newport,115,125,130,137,144,158,166,171,184,191,191,164,200,234,255,264,270,280,293,293,302,318,288,322,369
Wales,W06000014,Vale of Glamorgan,99,108,113,118,125,137,146,150,162,169,168,144,174,204,220,226,231,238,246,245,251,263,238,267,305
Wales,W06000015,Cardiff,259,283,295,308,324,356,378,392,424,444,446,385,471,555,605,627,640,661,684,677,690,725,654,725,850
Wales,W06000005,Flintshire,123,134,140,147,155,169,179,183,196,204,203,173,210,245,265,274,280,289,299,295,301,314,281,312,355
Wales,W06000006,Wrexham,106,116,121,128,134,146,154,158,171,177,177,152,185,217,236,243,248,255,262,259,265,276,247,272,309
Wales,W06000023,Powys,105,115,120,125,132,146,155,159,171,178,178,152,183,214,231,238,242,250,257,253,257,267,240,269,306
Scotland,S12000033,Aberdeen City,224,243,254,272,287,310,320,328,361,377,373,323,385,443,440,566,618,605,617,578,576,608,546,623,710
Scotland,S12000034,Aberdeenshire,235,257,270,291,312,343,362,374,416,433,430,371,440,505,500,642,703,688,704,662,662,694,621,719,821
Scotland,S12000017,Highland,171,187,196,211,225,246,257,266,296,310,308,267,337,372,409,422,419,430,455,473,470,495,444,511,583
Scotland,S12000020,Moray,71,78,81,88,94,103,107,110,122,127,126,109,137,150,163,171,171,176,186,193,191,201,180,207,236
Scotland,S12000021,North Ayrshire,118,129,135,144,153,167,174,179,197,206,203,175,218,244,260,259,267,288,289,290,306,320,286,328,374
Scotland,S12000035,Argyll and Bute,77,85,88,95,101,110,113,115,128,132,129,110,133,149,156,162,163,164,172,181,181,189,169,195,222
Scotland,S12000013,Na h-Eileanan Siar,23,24,25,27,28,31,32,33,36,38,37,32,40,44,48,50,49,50,52,54,54,56,50,57,65
Scotland,S12000023,Orkney Islands,16,17,18,19,21,23,24,25,27,29,28,24,31,34,38,39,39,40,42,44,44,47,42,48,55
Scotland,S12000027,Shetland Islands,19,20,21,22,24,25,27,27,30,31,31,27,34,37,41,42,42,43,45,46,46,48,43,49,56
Scotland,S12000041,Angus,107,117,121,129,138,150,158,164,182,190,188,162,192,220,220,222,237,242,246,255,263,275,245,282,321
Scotland,S12000042,Dundee City,147,157,163,174,183,199,206,211,232,240,237,205,243,279,280,283,301,307,312,326,337,353,315,358,409
Scotland,S12000005,Clackmannanshire,47,51,54,57,61,67,70,72,80,85,84,72,85,98,97,98,104,106,108,113,116,122,108,125,143
Scotland,S12000047,Fife,339,369,387,417,445,486,508,522,577,599,591,510,603,692,694,700,746,762,780,813,842,883,791,909,1037
Scotland,S12000010,East Lothian,86,95,100,108,116,127,133,136,152,160,160,139,165,189,191,194,207,213,219,230,239,253,228,266,303
Scotland,S12000019,Midlothian,78,86,90,97,103,111,115,118,129,134,134,115,137,158,160,162,175,181,187,197,207,219,197,230,262
Scotland,S12000036,City of Edinburgh,437,476,499,536,568,615,641,660,730,762,753,653,781,905,914,931,1000,1033,1069,1124,1174,1241,1116,1277,1457
Scotland,S12000014,Falkirk,141,154,161,173,185,203,213,220,244,254,252,217,258,296,297,300,320,328,336,351,363,380,340,390,445
Scotland,S12000048,Perth and Kinross,132,144,150,161,172,188,197,203,225,236,235,204,242,278,280,282,302,310,317,331,342,359,321,373,426
Scotland,S12000030,Stirling,83,91,96,103,110,120,125,129,142,148,145,125,149,171,172,174,186,192,198,206,214,223,199,227,259
Scotland,S12000040,West Lothian,150,165,175,190,204,223,235,242,270,283,281,244,289,332,333,336,360,370,380,397,412,433,389,450,514
Scotland,S12000039,West Dunbartonshire,86,94,98,105,111,121,126,129,143,148,146,125,146,169,170,171,179,181,186,201,209,218,194,222,253
Scotland,S12000045,East Dunbartonshire,99,108,113,122,129,140,146,150,165,171,168,145,169,196,199,201,213,216,223,243,254,266,239,275,314
Scotland,S12000049,Glasgow City,532,578,603,650,691,750,781,804,888,928,922,801,944,1106,1118,1134,1198,1226,1276,1395,1469,1552,1395,1603,1829
Scotland,S12000011,East Renfrewshire,80,88,93,100,108,118,123,127,140,146,144,124,146,169,171,174,185,188,195,213,223,234,211,244,278
Scotland,S12000038,Renfrewshire,159,173,181,194,206,225,235,242,268,279,276,238,280,326,327,331,348,353,365,397,417,439,394,454,518
Scotland,S12000018,Inverclyde,78,85,88,94,100,109,113,117,129,133,131,112,131,151,152,153,160,161,164,177,183,191,169,194,221
Scotland,S12000050,North Lanarkshire,292,319,336,361,386,424,446,462,514,538,534,462,541,630,635,642,675,684,704,764,798,837,749,862,983
Scotland,S12000026,Scottish Borders,91,100,105,114,122,133,140,145,161,168,168,145,181,202,216,216,224,242,245,246,262,276,247,285,325
Scotland,S12000006,Dumfries and Galloway,128,140,146,157,167,182,190,196,217,226,224,193,240,269,286,285,295,318,320,320,338,355,318,365,417
Scotland,S12000008,East Ayrshire,104,114,119,128,136,148,154,158,174,182,180,156,195,218,233,232,240,259,261,261,277,291,261,299,342
Scotland,S12000028,South Ayrshire,98,106,111,119,126,137,143,147,162,169,167,144,179,201,214,214,221,239,240,241,256,269,240,276,315
Scotland,S12000029,South Lanarkshire,261,285,299,321,343,374,391,403,447,466,461,399,498,557,596,596,620,672,678,682,725,765,687,792,903
Northern Ireland,N09000003,Belfast,312,336,354,381,390,427,447,453,483,518,522,457,542,633,643,663,685,722,733,749,755,763,693,804,929
Northern Ireland,N09000002,"Armagh City, Banbridge and Craigavon",158,172,185,204,210,234,248,256,277,302,306,270,322,379,390,403,418,442,453,466,472,480,438,511,588
Northern Ireland,N09000010,"Newry, Mourne and Down",138,152,161,178,184,204,217,223,241,262,266,234,278,326,334,345,356,375,382,392,396,401,365,425,487
Northern Ireland,N09000011,Ards and North Down,135,148,158,174,178,196,207,212,227,244,245,215,254,297,304,312,321,338,344,352,355,360,328,382,438
Northern Ireland,N09000005,Derry City and Strabane,132,145,154,167,171,189,199,202,216,232,233,204,241,281,286,294,303,317,323,330,331,334,303,352,403
Northern Ireland,N09000009,Mid Ulster,108,118,126,138,143,158,168,174,189,208,211,186,223,263,270,279,290,306,313,322,325,330,301,351,403
Northern Ireland,N09000004,Causeway Coast and Glens,119,130,139,152,158,175,185,190,204,219,220,192,228,267,272,279,287,302,305,312,313,315,286,330,377
Northern Ireland,N09000001,Antrim and Newtownabbey,118,129,137,149,154,170,180,184,197,213,215,189,224,263,268,276,285,300,305,313,316,321,292,340,390
Northern Ireland,N09000007,Lisburn and Castlereagh,115,125,133,145,148,163,172,177,190,205,206,182,218,256,263,271,282,299,305,315,320,326,297,348,400
Northern Ireland,N09000008,Mid and East Antrim,116,127,135,148,152,169,178,182,196,211,212,186,220,256,261,268,277,291,296,302,304,307,279,324,372
Northern Ireland,N09000006,Fermanagh and Omagh,97,105,112,123,126,140,148,151,162,175,176,154,183,215,220,225,233,244,248,254,256,258,234,273,312
